experiment,mean,std,variance,final
21,0.7234049333333333,0.0009737138160442903,9.48118595555534e-07,0.724
22,0.7238941999999999,0.0004879226987955924,2.380685599999744e-07,0.72391
23,0.7246224,0.00039804251029256963,1.584378400000104e-07,0.72465
24,0.7246154,0.0004260275108487793,1.8149944000000676e-07,0.72465
25,0.721491,0.0004281864080047339,1.8334359999999646e-07,0.72151
26,0.7230803333333333,0.00015560919710034513,2.4214222222214057e-08,0.72313
27,0.7198869999999999,0.00029587497359526464,8.754199999999853e-08,0.71992
28,0.722158,5.033885179460625e-05,2.5339999999993326e-09,0.72222
29,0.721798,0.00014046589147072422,1.9730666666665274e-08,0.72188
31,0.7302668571428572,0.0005902400065279652,3.4838326530613246e-07,0.73034
32,0.7301442857142858,0.0005118665323487995,2.620073469387846e-07,0.73023
34,0.7383391428571429,0.0005700261719734269,3.249298367346788e-07,0.73873
35,0.730366142857143,0.0005169447134217614,2.6723183673470704e-07,0.73043
36,0.7383701428571429,0.0007012834007469936,4.917984081632683e-07,0.73867
37,0.7383258571428571,0.0005981675418837557,3.578044081632546e-07,0.73874
38,0.729917142857143,0.00042098266967093386,1.7722640816326663e-07,0.73002
39,0.7298485714285715,0.0006444328308438275,4.1529367346938907e-07,0.72995
40,0.7297804285714287,0.0006747759114048622,4.5532253061226246e-07,0.72985
41,0.7297804285714287,0.0006747759114048622,4.5532253061226246e-07,0.72985
42,0.7298952857142859,0.00054751169962339,2.997690612244933e-07,0.72997
43,0.7298407142857143,0.0005219224666791865,2.724030612244865e-07,0.72993
44,0.7298371428571429,0.0004411191703485118,1.9458612244895937e-07,0.72991
45,0.7381931428571429,0.0005506303993921053,3.0319383673470944e-07,0.73864
46,0.7415520000000001,0.000514783727126508,2.6500228571425903e-07,0.74157
48,0.7427705714285714,0.0004834145979068075,2.3368967346940038e-07,0.74268
49,0.7415634285714285,0.0005813680558188224,3.3798881632655737e-07,0.74158
