experiment,final_board,lbscore
21,0.72400,0.676
23,0.72465,0.677
24,0.72465,0.676
25,0.72151,0.674
26,0.72313,0.676
27,0.71992,0.672
28,0.72222,0.673
29,0.72188,0.675
31,0.73034,0.677
32,0.73044,0.678
33,0.73023,0.678
34,0.73873,0.684
35,0.73043,0.677
36,0.73867,0.684
37,0.73874,0.684
38,0.73002,0.677
39,0.72995,0.677
40,0.72985,0.677
41,0.72985,0.677
42,0.72997,0.678
43,0.72993,0.677
44,0.72991,0.678
45,0.73864,0.684
46,0.74147,0.679
48,0.74268,0.689
49,0.74158,0.681