iter	Logloss
0	0.66577954
1	0.6496467998
